id,year,number,title,citation,link,source
pub-001,2026,1,mSpecFusion-Net: Intelligent Multimodal Smartphone Imaging for Mobile Differential Diagnosis of Psoriasis and Dermatitis and Deep Learning,"Sewoong Kim*, Seong-Hyun Kim*, Thiago Coutinho Cavalcanti*, Jonghun Lee, Moon Hwan Lee, Donghun Lee**, Jae Youn Hwang**, ""mSpecFusion-Net: Intelligent Multimodal Smartphone Imaging for Mobile Differential Diagnosis of Psoriasis and Dermatitis and Deep Learning"", International Conference on Medical Image Computing and Computer-Assisted Intervention (MICCAI 2026)",https://scholar.google.com/scholar?q=mSpecFusion-Net%3A%20Intelligent%20Multimodal%20Smartphone%20Imaging%20for%20Mobile%20Differential%20Diagnosis%20of%20Psoriasis%20and%20Dermatitis%20and%20Deep%20Learning,MBIS Lab Publications page
pub-002,2026,2,Dynamic Sub-domain Modeling for Robust Medical Image Segmentation,"Kyungsu Lee, Seo-Yeon Choi, Jong-Hye Woo*, Jae Youn Hwang*, “Dynamic Sub-domain Modeling for Robust Medical Image Segmentation”, International Conference on Medical Image Computing and Computer-Assisted Intervention (MICCAI 2026)",https://scholar.google.com/scholar?q=Dynamic%20Sub-domain%20Modeling%20for%20Robust%20Medical%20Image%20Segmentation,MBIS Lab Publications page
pub-003,2026,3,High-Fidelity Transcranial Ultrasound Multi-focal Stimulation via Physics-Aware Hologram Technique,"Moon Hwan Lee, Mohd. Afzal Khan, Akm Ashiquzzaman, Eunbin Lee, Jonghun Lee, Euiheon Chung*, Hyuk-Sang Kwon*, Jae Youn Hwang*, “High-Fidelity Transcranial Ultrasound Multi-focal Stimulation via Physics-Aware Hologram Technique”, Brain Stimulation (2026)",https://scholar.google.com/scholar?q=High-Fidelity%20Transcranial%20Ultrasound%20Multi-focal%20Stimulation%20via%20Physics-Aware%20Hologram%20Technique,MBIS Lab Publications page
pub-004,2025,1,SoN: Selective Optimal Network for Smartphone-based Indoor Localization in Real-time,"Kyungsu Lee, Haeyun Lee, Jae Youn Hwang*, ""SoN: Selective Optimal Network for Smartphone-based Indoor Localization in Real-time"", Expert Systems With Applications, 2025",https://scholar.google.com/scholar?q=SoN%3A%20Selective%20Optimal%20Network%20for%20Smartphone-based%20Indoor%20Localization%20in%20Real-time,MBIS Lab Publications page
pub-005,2025,2,Connectome Mapping: Shape-Memory Network via Interpretation of Contextual Semantic Information,"Kyungsu Lee, Haeyun Lee, Jae Youn Hwang*. ""Connectome Mapping: Shape-Memory Network via Interpretation of Contextual Semantic Information"", The Thirteenth International Conference on Learning Representations (ICLR 2025)",https://scholar.google.com/scholar?q=Connectome%20Mapping%3A%20Shape-Memory%20Network%20via%20Interpretation%20of%20Contextual%20Semantic%20Information,MBIS Lab Publications page
pub-006,2025,3,Expert-Level Differentiation of Incomplete Kawasaki Disease and Pneumonia from Echocardiography via Multiple Large Receptive Attention Mechanisms,"Haeyun Lee, Kyungsu Lee, Moon Hwan Lee, Sewoong Kim, Yongsoon Eun, Lucy Youngmin Eun, Jae Youn Hwang*, ""Expert-Level Differentiation of Incomplete Kawasaki Disease and Pneumonia from Echocardiography via Multiple Large Receptive Attention Mechanisms"", Computers In Biology and Medicine, 2025",https://scholar.google.com/scholar?q=Expert-Level%20Differentiation%20of%20Incomplete%20Kawasaki%20Disease%20and%20Pneumonia%20from%20Echocardiography%20via%20Multiple%20Large%20Receptive%20Attention%20Mechanisms,MBIS Lab Publications page
pub-007,2024,1,Multi-Scale Self-Attention Network for Denoising Medical Images,"Kyungsu Lee, Haeyun Lee, Moon Hwan Lee, Jin Ho Chang, C-C Jay Kuo, Seung-June Oh, Jonghye Woo, Jae Youn Hwang*, “Multi-Scale Self-Attention Network for Denoising Medical Images”, APSIPA Transactions on Signal and Information Processing, 2024",https://scholar.google.com/scholar?q=Multi-Scale%20Self-Attention%20Network%20for%20Denoising%20Medical%20Images,MBIS Lab Publications page
pub-008,2024,2,Intelligent Bladder Volume Monitoring for Wearable Ultrasound Devices: Enhancing Accuracy through Deep Learning-based Coarse-to-Fine Shape Estimation,"Kyungsu Lee⁺, Moon Hwan Lee⁺, Dongho Kang, Sewoong Kim, Jin Ho Chang, Seung-June Oh, Jae Youn Hwang*, “Intelligent Bladder Volume Monitoring for Wearable Ultrasound Devices: Enhancing Accuracy through Deep Learning-based Coarse-to-Fine Shape Estimation”, IEEE Transactions on Ultrasonics, Ferroelectrics, and Frequency Control, 2024",https://scholar.google.com/scholar?q=Intelligent%20Bladder%20Volume%20Monitoring%20for%20Wearable%20Ultrasound%20Devices%3A%20Enhancing%20Accuracy%20through%20Deep%20Learning-based%20Coarse-to-Fine%20Shape%20Estimation,MBIS Lab Publications page
pub-009,2024,3,Fine-Grained Binary Object Segmentation in Remote Sensing Imagery via Path-Selective Test-Time Adaptation,"Kyungsu Lee, Haeyun Lee, Juhum Park, Jae Youn Hwang*, ""Fine-Grained Binary Object Segmentation in Remote Sensing Imagery via Path-Selective Test-Time Adaptation"", IEEE Transactions on Geoscience and Remote Sensing, 2024",https://scholar.google.com/scholar?q=Fine-Grained%20Binary%20Object%20Segmentation%20in%20Remote%20Sensing%20Imagery%20via%20Path-Selective%20Test-Time%20Adaptation,MBIS Lab Publications page
pub-010,2024,4,Machine Learning-Enhanced Skull-Universal Acoustic Hologram for Efficient Transcranial Ultrasound Neuromodulation Across Varied Rodent Skulls,"Moon Hwan Lee, Kyungsu Lee, Youngseung Yoo, HyungJoon Cho, Euiheon Chung, Jae Youn Hwang*, ""Machine Learning-Enhanced Skull-Universal Acoustic Hologram for Efficient Transcranial Ultrasound Neuromodulation Across Varied Rodent Skulls"", IEEE Transactions on Ultrasonics, Ferroelectrics, and Frequency Control, 2024",https://scholar.google.com/scholar?q=Machine%20Learning-Enhanced%20Skull-Universal%20Acoustic%20Hologram%20for%20Efficient%20Transcranial%20Ultrasound%20Neuromodulation%20Across%20Varied%20Rodent%20Skulls,MBIS Lab Publications page
pub-011,2023,1,"Kyungsu Lee, Haeyun Lee, Jae Youn Hwang*, “USIM Gate: Novel Attention-based UpSampling Interpolation Method fo","Kyungsu Lee, Haeyun Lee, Jae Youn Hwang*, “USIM Gate: Novel Attention-based UpSampling Interpolation Method for Segmenting Precise Boundaries of Target Objects“, International Conference on Artificial Intelligence and Statistics, 2023",https://scholar.google.com/scholar?q=Kyungsu%20Lee%2C%20Haeyun%20Lee%2C%20Jae%20Youn%20Hwang%2A%2C%20%E2%80%9CUSIM%20Gate%3A%20Novel%20Attention-based%20UpSampling%20Interpolation%20Method%20fo,MBIS Lab Publications page
pub-012,2023,2,Fine-Tuning Network in Federated Learning for Personalized Skin Diagnosis,"Kyngsu Lee, Thiago Coutinho Cavalcanti, Sewoong Kim, El Fakhri Georges, Dong Hoon Lee, Jonghye Woo, and Jae Youn Hwang*. “Fine-Tuning Network in Federated Learning for Personalized Skin Diagnosis”, International Conference on Medical Image Computing and Computer-Assisted Intervention (MICCAI 2023)",https://scholar.google.com/scholar?q=Fine-Tuning%20Network%20in%20Federated%20Learning%20for%20Personalized%20Skin%20Diagnosis,MBIS Lab Publications page
pub-013,2023,3,Self-Supervised Domain Adaptive Segmentation for Breast Cancer using Test-Time Fine-Tuning,"Kyungsu Lee, Haeyun Lee, El Fakhri Georges, Jonghye Woo, and Jae Youn Hwang*. “Self-Supervised Domain Adaptive Segmentation for Breast Cancer using Test-Time Fine-Tuning”, International Conference on Medical Image Computing and Computer-Assisted Intervention (MICCAI 2023)",https://scholar.google.com/scholar?q=Self-Supervised%20Domain%20Adaptive%20Segmentation%20for%20Breast%20Cancer%20using%20Test-Time%20Fine-Tuning,MBIS Lab Publications page
pub-014,2023,4,Ultrasound-optical imaging-based multimodal imaging technology for biomedical applications,"Moon Hwan Lee, HeeYeon Park, Kyungsu Lee, Sewoong Kim, Jihun Kim, Jae Youn Hwang*, “Ultrasound-optical imaging-based multimodal imaging technology for biomedical applications”, The Journal of the Acoustical Society of Korea, 2023",https://scholar.google.com/scholar?q=Ultrasound-optical%20imaging-based%20multimodal%20imaging%20technology%20for%20biomedical%20applications,MBIS Lab Publications page
pub-015,2023,5,Deep Learning–Based Diagnostic System for Velopharyngeal Insufficiency Based on Videofluoroscopy in Patients With Repaired Cleft Palates,"Jeong Hyun Ha, Haeyun Lee, Seok Min Kwon, Hyunjin Joo, Guang Lin, Deok-Yeol Kim, Sukwha Kim, Jae Youn Hwang, Jee-Hyeok Chung, Hyoun-Joong Kong*, “Deep Learning–Based Diagnostic System for Velopharyngeal Insufficiency Based on Videofluoroscopy in Patients With Repaired Cleft Palates”, Journal of Craniofacial Surgery, 2023",https://scholar.google.com/scholar?q=Deep%20Learning%E2%80%93Based%20Diagnostic%20System%20for%20Velopharyngeal%20Insufficiency%20Based%20on%20Videofluoroscopy%20in%20Patients%20With%20Repaired%20Cleft%20Palates,MBIS Lab Publications page
pub-016,2023,6,New metric to evaluate cardiac anisotropic mechanics by directional high-frequency ultrasound-based transverse wave elastography,"Seungyeop Lee, Lucy Youngmin Eun*, Jae Youn Hwang, Jung-Sun Kim, Yongsoon Eun*, ""New metric to evaluate cardiac anisotropic mechanics by directional high-frequency ultrasound-based transverse wave elastography"", IEEE Transactions on Ultrasonics, Ferroelectrics, and Frequency Control, 2023",https://scholar.google.com/scholar?q=New%20metric%20to%20evaluate%20cardiac%20anisotropic%20mechanics%20by%20directional%20high-frequency%20ultrasound-based%20transverse%20wave%20elastography,MBIS Lab Publications page
pub-017,2022,1,Ex Vivo Evaluation of Mechanical Anisotropic Tissues with High-Frequency Ultrasound Shear Wave Elastography,"Seungyeop Lee, Lucy Youngmin Eun*, Jae Youn Hwang, and Yongsoon Eun* “Ex Vivo Evaluation of Mechanical Anisotropic Tissues with High-Frequency Ultrasound Shear Wave Elastography”, Sensors, 2022",https://scholar.google.com/scholar?q=Ex%20Vivo%20Evaluation%20of%20Mechanical%20Anisotropic%20Tissues%20with%20High-Frequency%20Ultrasound%20Shear%20Wave%20Elastography,MBIS Lab Publications page
pub-018,2022,2,USG-Net: Deep Learning-based Ultrasound Scanning-Guide for an Orthopedic Sonographer,"Kyungsu Lee⁺, Jaeseung Yang⁺, Moon Hwan Lee, Jin Ho Chang, Jun-Young Kim, and Jae Youn Hwang*, “USG-Net: Deep Learning-based Ultrasound Scanning-Guide for an Orthopedic Sonographer”, International Conference on Medical Image Computing and Computer Assisted Intervention (MICCAI), 2022",https://scholar.google.com/scholar?q=USG-Net%3A%20Deep%20Learning-based%20Ultrasound%20Scanning-Guide%20for%20an%20Orthopedic%20Sonographer,MBIS Lab Publications page
pub-019,2022,3,Explainable deep learning algorithm for distinguishing incomplete Kawasaki disease by coronary artery lesions on echocardiographic imaging,"Haeyun Lee, Yongsoon Eun, Jae Youn Hwang*, Lucy Youngmin Eun*, “Explainable deep learning algorithm for distinguishing incomplete Kawasaki disease by coronary artery lesions on echocardiographic imaging”, Computer Methods and Programs in Biomedicine, 2022",https://scholar.google.com/scholar?q=Explainable%20deep%20learning%20algorithm%20for%20distinguishing%20incomplete%20Kawasaki%20disease%20by%20coronary%20artery%20lesions%20on%20echocardiographic%20imaging,MBIS Lab Publications page
pub-020,2022,4,Speckle Reduction via Deep Content-Aware Image Prior for Precise Breast Tumor Segmentation in an Ultrasound Image,"Haeyun Lee⁺, Moon Hwan Lee⁺, Sangyeon Youn, Kyungsu Lee, Hah Min Lew, Jae Youn Hwang*, “Speckle Reduction via Deep Content-Aware Image Prior for Precise Breast Tumor Segmentation in an Ultrasound Image”, IEEE Transactions on Ultrasonics, Ferroelectrics, and Frequency Control, 2022",https://scholar.google.com/scholar?q=Speckle%20Reduction%20via%20Deep%20Content-Aware%20Image%20Prior%20for%20Precise%20Breast%20Tumor%20Segmentation%20in%20an%20Ultrasound%20Image,MBIS Lab Publications page
pub-021,2022,5,A deep learning model for predicting a difficult laryngoscopy based on a cervical spine lateral X-ray image,"Kyungsu Lee⁺, Hye-Yeon Cho⁺, Hyun-Lim Yang, Chul-Woo Jung, Hee-Pyoung Park, Jae Youn Hwang, Hyoun-Joong Kong*, and Hyung-Chul Lee*, “A deep learning model for predicting a difficult laryngoscopy based on a cervical spine lateral X-ray image”, Anaesthesia, 2022",https://scholar.google.com/scholar?q=A%20deep%20learning%20model%20for%20predicting%20a%20difficult%20laryngoscopy%20based%20on%20a%20cervical%20spine%20lateral%20X-ray%20image,MBIS Lab Publications page
pub-022,2022,6,"Kyungsu Lee, T. C. Cavalcanti, Sewoong Kim, Hah Min Lew, Dae Hun Suh, Dong Hun Lee, and Jae Youn Hwang*, “Mult","Kyungsu Lee, T. C. Cavalcanti, Sewoong Kim, Hah Min Lew, Dae Hun Suh, Dong Hun Lee, and Jae Youn Hwang*, “Multi-task and few-shot learning-based fully automatic deep learning platform for mobile diagnosis of skin diseases“, IEEE Journal of Biomedical and Health Informatics, 2022",https://scholar.google.com/scholar?q=Kyungsu%20Lee%2C%20T.%20C.%20Cavalcanti%2C%20Sewoong%20Kim%2C%20Hah%20Min%20Lew%2C%20Dae%20Hun%20Suh%2C%20Dong%20Hun%20Lee%2C%20and%20Jae%20Youn%20Hwang%2A%2C%20%E2%80%9CMult,MBIS Lab Publications page
pub-023,2022,7,"Haemin Kim, Sangyeon Youn, Jinwoo Kim, Sunghun Park, Moon Hwan Lee, Jae Youn Hwang* and Jin Ho Chang*, “Deep l","Haemin Kim, Sangyeon Youn, Jinwoo Kim, Sunghun Park, Moon Hwan Lee, Jae Youn Hwang* and Jin Ho Chang*, “Deep laser microscopy using optical clearing by ultrasound-induced gas bubbles“, Nature Photonics, 2022",https://scholar.google.com/scholar?q=Haemin%20Kim%2C%20Sangyeon%20Youn%2C%20Jinwoo%20Kim%2C%20Sunghun%20Park%2C%20Moon%20Hwan%20Lee%2C%20Jae%20Youn%20Hwang%2A%20and%20Jin%20Ho%20Chang%2A%2C%20%E2%80%9CDeep%20l,MBIS Lab Publications page
pub-024,2022,8,"Moon Hwan Lee, Hah Min Lew, Sangyeon Youn, Tae Kim, Jae Youn Hwang*, “Deep learning-based framework for fast a","Moon Hwan Lee, Hah Min Lew, Sangyeon Youn, Tae Kim, Jae Youn Hwang*, “Deep learning-based framework for fast and accurate acoustic hologram generation“, IEEE Transactions on Ultrasonics, Ferroelectrics, and Frequency Control, 2022",https://scholar.google.com/scholar?q=Moon%20Hwan%20Lee%2C%20Hah%20Min%20Lew%2C%20Sangyeon%20Youn%2C%20Tae%20Kim%2C%20Jae%20Youn%20Hwang%2A%2C%20%E2%80%9CDeep%20learning-based%20framework%20for%20fast%20a,MBIS Lab Publications page
pub-025,2022,9,"Kyungsu Lee, Jaeseung Yang, Haeyun Lee, Jae Youn Hwang*, “Stochastic Adaptive Activation Function“, Conference","Kyungsu Lee, Jaeseung Yang, Haeyun Lee, Jae Youn Hwang*, “Stochastic Adaptive Activation Function“, Conference on Neural Information Processing Systems (NeurIPS), 2022",https://scholar.google.com/scholar?q=Kyungsu%20Lee%2C%20Jaeseung%20Yang%2C%20Haeyun%20Lee%2C%20Jae%20Youn%20Hwang%2A%2C%20%E2%80%9CStochastic%20Adaptive%20Activation%20Function%E2%80%9C%2C%20Conference,MBIS Lab Publications page
pub-026,2022,10,CSS-Net: Classification and Substitution for Segmentation of Rotator Cuff Tear,"Kyungsu Lee, Hah Min Lew, Moon Hwan Lee, Jun-Young Kim, Jae Youn Hwang*, “CSS-Net: Classification and Substitution for Segmentation of Rotator Cuff Tear”, The Asian Conference on Computer Vision (ACCV), 2022",https://scholar.google.com/scholar?q=CSS-Net%3A%20Classification%20and%20Substitution%20for%20Segmentation%20of%20Rotator%20Cuff%20Tear,MBIS Lab Publications page
pub-027,2021,1,Boundary-Oriented Binary Building Segmentation Model with Two Scheme Learning for Aerial Images,"Kyungsu Lee, Junhee Kim, Haeyun Lee, Juhum Park, Jihwan P. Choi*, Jae Youn Hwang*, “Boundary-Oriented Binary Building Segmentation Model with Two Scheme Learning for Aerial Images”, IEEE Transactions on Geoscience & Remote Sensing, 2021",https://scholar.google.com/scholar?q=Boundary-Oriented%20Binary%20Building%20Segmentation%20Model%20with%20Two%20Scheme%20Learning%20for%20Aerial%20Images,MBIS Lab Publications page
pub-028,2021,2,An Energy-Replenishing Ultrasound Pulser with 0.25CV2f Dynamic Power Consumption,"J. Choi, Y. Park, J. B. Oh, J-Y. Kim, Jae Youn Hwang, S. Ha, C. Kim, M. Je, “An Energy-Replenishing Ultrasound Pulser with 0.25CV2f Dynamic Power Consumption”, 2021 IEEE International Solid-State Circuits Conference",https://scholar.google.com/scholar?q=An%20Energy-Replenishing%20Ultrasound%20Pulser%20with%200.25CV2f%20Dynamic%20Power%20Consumption,MBIS Lab Publications page
pub-029,2021,3,Local Similarity Siamese Network for Urban Use Change Detection on Aerial Images,"Haeyun Lee, Kyungsu Lee, Junhee Kim, Younghwan Na, Juhum Park, Jihwan P. Choi, Jae Youn Hwang*, “Local Similarity Siamese Network for Urban Use Change Detection on Aerial Images”, IEEE Journal of Selected Topics in Applied Earth Observations and Remote Sensing, 2021",https://scholar.google.com/scholar?q=Local%20Similarity%20Siamese%20Network%20for%20Urban%20Use%20Change%20Detection%20on%20Aerial%20Images,MBIS Lab Publications page
pub-030,2021,4,Development of deep learning-based holographic ultrasound generation algorithm (Deep-HUG),"Moon Hwan Lee and Jae Youn Hwang*, “Development of deep learning-based holographic ultrasound generation algorithm (Deep-HUG)”, The Journal of the Acoustical Society of Korea, 41(2), 2021",https://scholar.google.com/scholar?q=Development%20of%20deep%20learning-based%20holographic%20ultrasound%20generation%20algorithm%20%28Deep-HUG%29,MBIS Lab Publications page
pub-031,2021,5,Ultrasonic Blood Flowmeter with a Novel Xero Algorithm for a Mechanical Circulatory Support System,"Hah Min Lew, Heean Shin, Moon Hwan Lee, Sangyeon Youn, Hee Chan Kim, and Jae Youn Hwang*, “Ultrasonic Blood Flowmeter with a Novel Xero Algorithm for a Mechanical Circulatory Support System”, Ultrasonics, 2021",https://scholar.google.com/scholar?q=Ultrasonic%20Blood%20Flowmeter%20with%20a%20Novel%20Xero%20Algorithm%20for%20a%20Mechanical%20Circulatory%20Support%20System,MBIS Lab Publications page
pub-032,2021,6,Imbalanced Loss-Integrated Deep-Learning-Based Ultrasound Image Analysis for Diagnosis of Rotator-Cuff Tear,"Kyungsu Lee, JunYoung Kim, Moon Hwan Lee, ChangHuk Choi, and Jae Youn Hwang*, “Imbalanced Loss-Integrated Deep-Learning-Based Ultrasound Image Analysis for Diagnosis of Rotator-Cuff Tear”, Sensors, 2021",https://scholar.google.com/scholar?q=Imbalanced%20Loss-Integrated%20Deep-Learning-Based%20Ultrasound%20Image%20Analysis%20for%20Diagnosis%20of%20Rotator-Cuff%20Tear,MBIS Lab Publications page
pub-033,2021,7,Effects of transcranial ultrasound stimulation pulsed at 40 Hz on Aβ plaques and brain rhythms in 5×XFAD mice,"Mincheol Park⁺, Gia Minh Hoang⁺, Thien Nguyen, Eunkyung Lee, Hyun Jin Jung, Youngshik Choe, Moon Hwan Lee, Jae Youn Hwang, Jae Gwan Kim, Tae Kim*, “Effects of transcranial ultrasound stimulation pulsed at 40 Hz on Aβ plaques and brain rhythms in 5×XFAD mice” Translational Neurodegeneration, 2021",https://scholar.google.com/scholar?q=Effects%20of%20transcranial%20ultrasound%20stimulation%20pulsed%20at%2040%20Hz%20on%20A%CE%B2%20plaques%20and%20brain%20rhythms%20in%205%C3%97XFAD%20mice,MBIS Lab Publications page
pub-034,2021,8,Self-Mutating Network for Domain Adaptive Segmentation in Aerial Images,"Kyungsu Lee, HaeYun Lee, Jae Youn Hwang*, “Self-Mutating Network for Domain Adaptive Segmentation in Aerial Images” International Conference on Computer Vision (ICCV), 2021",https://scholar.google.com/scholar?q=Self-Mutating%20Network%20for%20Domain%20Adaptive%20Segmentation%20in%20Aerial%20Images,MBIS Lab Publications page
pub-035,2021,9,Federated Learning for Thyroid Ultrasound Image Analysis to Protect Personal Information: Validation Study in Real Healthcare Environment,"Haeyun Lee, Young Jun Chai, Hyunjin Joo, Kyungsu Lee, Jae Youn Hwang, Seok-Mo Kim, Kwangsoon Kim, Inn-Chul Nam, June Young Choi, Hyeong Won You, Myung-Chul Lee, Hiroo Masuoka, Akira Miyauchi, Kyu Eun Lee, Sungwan Kim, Hyoun-Joong Kong, “Federated Learning for Thyroid Ultrasound Image Analysis to Protect Personal Information: Validation Study in Real Healthcare Environment” JMIR Medical Informatics, 2021",https://scholar.google.com/scholar?q=Federated%20Learning%20for%20Thyroid%20Ultrasound%20Image%20Analysis%20to%20Protect%20Personal%20Information%3A%20Validation%20Study%20in%20Real%20Healthcare%20Environment,MBIS Lab Publications page
pub-036,2021,10,Intelligent smartphone-based multimode imaging otoscope for the mobile diagnosis of otitis media,"Thiago C. Cavalcanti, Hah Min Lew, Kyungsu Lee, Sang-yeon Lee, Moo Park, and Jae Youn Hwang*, “Intelligent smartphone-based multimode imaging otoscope for the mobile diagnosis of otitis media”, Biomedical Optics Express, 2021",https://scholar.google.com/scholar?q=Intelligent%20smartphone-based%20multimode%20imaging%20otoscope%20for%20the%20mobile%20diagnosis%20of%20otitis%20media,MBIS Lab Publications page
pub-037,2020,1,Channel Attention Module with Multi-scale Grid Average Pooling for Breast Cancer Segmentation in An Ultrasound Image,"Haeyun Lee, Jinhyoung Park, Jae Youn Hwang*, “Channel Attention Module with Multi-scale Grid Average Pooling for Breast Cancer Segmentation in An Ultrasound Image”, IEEE Transactions on UFFC, 2020",https://scholar.google.com/scholar?q=Channel%20Attention%20Module%20with%20Multi-scale%20Grid%20Average%20Pooling%20for%20Breast%20Cancer%20Segmentation%20in%20An%20Ultrasound%20Image,MBIS Lab Publications page
pub-038,2020,2,Fully-Automatic Deep Learning-Based Analysis for Determination of Invasiveness of Breast Cancer Cells in an Acoustic Trap,"Sangyeon Youn⁺, Kyungsu Lee⁺, Jeehoon Son, In-Hwan Yang and Jae Youn Hwang*, “Fully-Automatic Deep Learning-Based Analysis for Determination of Invasiveness of Breast Cancer Cells in an Acoustic Trap”, Biomedical Optics Express 11.6: 2976-2995, 2020",https://scholar.google.com/scholar?q=Fully-Automatic%20Deep%20Learning-Based%20Analysis%20for%20Determination%20of%20Invasiveness%20of%20Breast%20Cancer%20Cells%20in%20an%20Acoustic%20Trap,MBIS Lab Publications page
pub-039,2020,3,Smartphone-based spectral imaging otoscope: system development and preliminary study for evaluation of its potential as a mobile diagnostic tool,"Thiago C. Cavalcanti, Sewoong Kim, Kyungsu Lee, Sang-Yeon Lee, Moo Kyun Park, and Jae Youn Hwang*, “Smartphone-based spectral imaging otoscope: system development and preliminary study for evaluation of its potential as a mobile diagnostic tool”, Journal of Biophotonics, 2020",https://scholar.google.com/scholar?q=Smartphone-based%20spectral%20imaging%20otoscope%3A%20system%20development%20and%20preliminary%20study%20for%20evaluation%20of%20its%20potential%20as%20a%20mobile%20diagnostic%20tool,MBIS Lab Publications page
pub-040,2020,4,Wide-field 3D Ultrasound Imaging Platform With a Semi-automatic 3D Segmentation Algorithm for Quantitative Analysis of Rotator Cuff Tears,"Moon Hwan Lee⁺, JunYoung Kim⁺, Kyungsu Lee, ChangHuk Choi, and Jae Youn Hwang* “Wide-field 3D Ultrasound Imaging Platform With a Semi-automatic 3D Segmentation Algorithm for Quantitative Analysis of Rotator Cuff Tears”, IEEE Access, 8: 65472-65487, 2020",https://scholar.google.com/scholar?q=Wide-field%203D%20Ultrasound%20Imaging%20Platform%20With%20a%20Semi-automatic%203D%20Segmentation%20Algorithm%20for%20Quantitative%20Analysis%20of%20Rotator%20Cuff%20Tears,MBIS Lab Publications page
pub-041,2020,5,Domain Adaptive Transfer Attack (DATA)-based Segmentation Networks for Building Extraction from Aerial Images,"Na, Younghwan, Kim, Junhee, Kyungsu Lee, Park, Juhum, Hwang, Jae Youn, Choi, Jihwan, “Domain Adaptive Transfer Attack (DATA)-based Segmentation Networks for Building Extraction from Aerial Images”, IEEE Transactions on Geoscience & Remote Sensing, 2020",https://scholar.google.com/scholar?q=Domain%20Adaptive%20Transfer%20Attack%20%28DATA%29-based%20Segmentation%20Networks%20for%20Building%20Extraction%20from%20Aerial%20Images,MBIS Lab Publications page
pub-042,2020,6,Forward-looking Multimodal Endoscopic System based on Optical Multispectral and High-frequency Ultrasound Imaging techniques for Tumor Detection,"Jihun Kim, Hah Min Lew, Jung-Hee Kim, Sangyeon Youn, Hasan Al Faruque, An Na Seo, Soo Yeun Park, Jin Ho Chang, Enjoo Kim, and Jae Youn Hwang*, “Forward-looking Multimodal Endoscopic System based on Optical Multispectral and High-frequency Ultrasound Imaging techniques for Tumor Detection”, IEEE Transactions on Medical Imaging, 2020",https://scholar.google.com/scholar?q=Forward-looking%20Multimodal%20Endoscopic%20System%20based%20on%20Optical%20Multispectral%20and%20High-frequency%20Ultrasound%20Imaging%20techniques%20for%20Tumor%20Detection,MBIS Lab Publications page
pub-043,2020,7,Energy-Efficient High-Voltage Pulsers for Ultrasound Transducers,"Jaesuk Choi, Sangyeon Youn, Jae Youn Hwang, Sohmyung Ha, Chul Kim and Minkyu Je, “Energy-Efficient High-Voltage Pulsers for Ultrasound Transducers”, IEEE Transactions on Circuits and Systems II: Express Briefs, 2020",https://scholar.google.com/scholar?q=Energy-Efficient%20High-Voltage%20Pulsers%20for%20Ultrasound%20Transducers,MBIS Lab Publications page
pub-044,2019,1,Gravitational field flow fractionation: Enhancing the resolution power by using an acoustic force field,"Jae Youn Hwang, Sangyeon Youn, In-Hwan Yang, “Gravitational field flow fractionation: Enhancing the resolution power by using an acoustic force field”, Analytica Chimica Acta, 1047: 238-247, 2019",https://scholar.google.com/scholar?q=Gravitational%20field%20flow%20fractionation%3A%20Enhancing%20the%20resolution%20power%20by%20using%20an%20acoustic%20force%20field,MBIS Lab Publications page
pub-045,2019,2,Smartphone-based Multispectral Imaging and Machine-learning based Analysis for Discrimination between Seborrheic Dermatitis and Psoriasis on the Scalp,"Sewoong Kim, Minjoo Hwang, Manjae Kim, Jihun Kim, Seong Jin Jo, Minkyu Je, Jae Eun Jang, Dong Hun Lee,* and Jae Youn Hwang*, “Smartphone-based Multispectral Imaging and Machine-learning based Analysis for Discrimination between Seborrheic Dermatitis and Psoriasis on the Scalp”, Biomedical Optics Express, 10.2: 879-891, 2019",https://scholar.google.com/scholar?q=Smartphone-based%20Multispectral%20Imaging%20and%20Machine-learning%20based%20Analysis%20for%20Discrimination%20between%20Seborrheic%20Dermatitis%20and%20Psoriasis%20on%20the%20Scalp,MBIS Lab Publications page
pub-046,2019,3,Acoustic Trapping Technique for Studying Calcium Response of a Suspended Breast Cancer Cell: Determination of its Invasion potentials,"Sangyeon Youn, Jin Woo Choi, Junsu Lee, Jihun Kim, In-Hwan Yang, Jin Ho Chang, Hee Chan Kim, Jae Youn Hwang*, “Acoustic Trapping Technique for Studying Calcium Response of a Suspended Breast Cancer Cell: Determination of its Invasion potentials”, IEEE Transactions on UFFC, 2019",https://scholar.google.com/scholar?q=Acoustic%20Trapping%20Technique%20for%20Studying%20Calcium%20Response%20of%20a%20Suspended%20Breast%20Cancer%20Cell%3A%20Determination%20of%20its%20Invasion%20potentials,MBIS Lab Publications page
pub-047,2019,4,Non-invasive measurement of hemodynamic change during 8 MHz transcranial focused ultrasound stimulation using near-infrared spectroscopy,"Evgenii Kim, Eloise Anguluan, Sangyeon Youn, Jihun Kim, Jae Youn Hwang and Jae Gwan Kim, “Non-invasive measurement of hemodynamic change during 8 MHz transcranial focused ultrasound stimulation using near-infrared spectroscopy”, BMC Neuroscience, 20:12, 2019",https://scholar.google.com/scholar?q=Non-invasive%20measurement%20of%20hemodynamic%20change%20during%208%20MHz%20transcranial%20focused%20ultrasound%20stimulation%20using%20near-infrared%20spectroscopy,MBIS Lab Publications page
pub-048,2019,5,Multimodal Endoscopic System based on Multispectral and Photometric-stereo Imaging and Analysis,"Jihun Kim, Hasan Al Faruque, Eunjoo Kim, Jae Youn Hwang*, “Multimodal Endoscopic System based on Multispectral and Photometric-stereo Imaging and Analysis”, Biomedical Optics Express, 10.5: 2289-2302, 2019",https://scholar.google.com/scholar?q=Multimodal%20Endoscopic%20System%20based%20on%20Multispectral%20and%20Photometric-stereo%20Imaging%20and%20Analysis,MBIS Lab Publications page
pub-049,2019,6,An Energy-Efficient Algorithm for Classification of Fall Types Using a Wearable Sensor,"Soon Bin Kwon, Jeong-Ho Park, Chiheon Kwon, Hyung Joong Kong, Jae Youn Hwang, Hee Chan Kim*, “An Energy-Efficient Algorithm for Classification of Fall Types Using a Wearable Sensor”, IEEE Access, 7: 31321-31329, 2019",https://scholar.google.com/scholar?q=An%20Energy-Efficient%20Algorithm%20for%20Classification%20of%20Fall%20Types%20Using%20a%20Wearable%20Sensor,MBIS Lab Publications page
pub-050,2018,1,Object Segmentation from High Resolution Aerial Images Using U-Net with Pyramid Pooling Layers,"Junhee Kim, Haeyun Lee, S. J. Hong, Sewoong Kim, Juhum Park, Jae Youn Hwang*, and Jihwan P. Choi* “Object Segmentation from High Resolution Aerial Images Using U-Net with Pyramid Pooling Layers”, IEEE GRSL 16.1: 115-119, 2018",https://scholar.google.com/scholar?q=Object%20Segmentation%20from%20High%20Resolution%20Aerial%20Images%20Using%20U-Net%20with%20Pyramid%20Pooling%20Layers,MBIS Lab Publications page
pub-051,2018,2,"Hayong Jung, Robert Wodnicki, Hae Lim, Chi Woo Yoon, Bong Jin Kang, Changhan Yoon, Changyang Lee, Jae Youn Hwa","Hayong Jung, Robert Wodnicki, Hae Lim, Chi Woo Yoon, Bong Jin Kang, Changhan Yoon, Changyang Lee, Jae Youn Hwang, Hyung Ham Kim, Hojong Choi, Mike Chen, Qifa Zhou, K. Kirk Shung, “CMOS High Voltage Analog 1-64 Multiplexer/De-Multiplexer for Integrated Ultrasound Guided Breast Needle Biopsy“, IEEE UFFC, 2018",https://scholar.google.com/scholar?q=Hayong%20Jung%2C%20Robert%20Wodnicki%2C%20Hae%20Lim%2C%20Chi%20Woo%20Yoon%2C%20Bong%20Jin%20Kang%2C%20Changhan%20Yoon%2C%20Changyang%20Lee%2C%20Jae%20Youn%20Hwa,MBIS Lab Publications page
pub-052,2018,3,Resistance to receptor-blocking therapies primes tumors as targets for HER3-homing nanobiologics.,"Sims JD, Taguiam JM, Alonso-Valenteen F, Markman J, Agadjanian H, Chu D, Lubow J, Abrol R, Srinivas D, Jain A, Han B, Qu, Mirzadehgan P, Hwang JY, Rentsendorj A, Chung A, Lester J, Karlan BY, Gray HB, Gross Z, Giuliano A, Cui X, Medina-Kauwe LK, “Resistance to receptor-blocking therapies primes tumors as targets for HER3-homing nanobiologics.”, Journal of Controlled Release, 2018",https://scholar.google.com/scholar?q=Resistance%20to%20receptor-blocking%20therapies%20primes%20tumors%20as%20targets%20for%20HER3-homing%20nanobiologics.,MBIS Lab Publications page
pub-053,2018,4,Multi-targeted tumor suicide induced by nano-nucleocapsids formed from self-assembled recombinant endosomolytic nanocapsomeres,"Felix Alonso-Valenteen, Dustin Srinvivas, Sayuri Pacheco, Altan Rentsendorj, David Chu, Jay Livow, Jessica Sims, Jae Youn Hwang, Ravinder Abrol, Lali K. Medina-Kauwe, “Multi-targeted tumor suicide induced by nano-nucleocapsids formed from self-assembled recombinant endosomolytic nanocapsomeres”, ACS Nano, 2018",https://scholar.google.com/scholar?q=Multi-targeted%20tumor%20suicide%20induced%20by%20nano-nucleocapsids%20formed%20from%20self-assembled%20recombinant%20endosomolytic%20nanocapsomeres,MBIS Lab Publications page
pub-054,2018,5,High-frequency Ultrasound Imaging for Examination of Early Dental Caries,"Jihun Kim, Teojeon Shin, Hyun Joong Kong, Jae Youn Hwang*, and Hong Geun Hyun “High-frequency Ultrasound Imaging for Examination of Early Dental Caries” Journal of Dental Research, 98.3: 363-367, 2018",https://scholar.google.com/scholar?q=High-frequency%20Ultrasound%20Imaging%20for%20Examination%20of%20Early%20Dental%20Caries,MBIS Lab Publications page
pub-055,2017,1,Electrical Broad Tuning of Plasmonic Color Filter Employing an Asymmetric-Lattice Nanohole Array of Metasurface Controlled by Polarization Rotator,"Youngjin Lee, Min-Kyu Park, Seunguk Kim, Jeong Hee Shin, Cheil Moon, Jae Youn Hwang, Jun-Chan Choi, Heewon Park, Hak-Rin Kim, and Jae Eun Jang, “Electrical Broad Tuning of Plasmonic Color Filter Employing an Asymmetric-Lattice Nanohole Array of Metasurface Controlled by Polarization Rotator”, ACS Photonics 4.8: 1954-1966, 2017",https://scholar.google.com/scholar?q=Electrical%20Broad%20Tuning%20of%20Plasmonic%20Color%20Filter%20Employing%20an%20Asymmetric-Lattice%20Nanohole%20Array%20of%20Metasurface%20Controlled%20by%20Polarization%20Rotator,MBIS Lab Publications page
pub-056,2017,2,A Novel Smart Navigation System for Intramedullary Nailing in Orthopedic Surgery,"Jaesuk Choi#, Jihun Kim#, Jae Youn Hwang, Minkyu Je, Jun-Young Kim, Shin-Yoon Kim, “A Novel Smart Navigation System for Intramedullary Nailing in Orthopedic Surgery”, PLOS ONE, 12(4): e0174407, 2017",https://scholar.google.com/scholar?q=A%20Novel%20Smart%20Navigation%20System%20for%20Intramedullary%20Nailing%20in%20Orthopedic%20Surgery,MBIS Lab Publications page
pub-057,2017,3,Fighting Cancer with Corroles,"R.D. Teo, Jae Youn Hwang, J. Termini, Z. Gross, H.B. Gray, “Fighting Cancer with Corroles”, Chemical Reviews, 117(4): 2711–2729, 2017",https://scholar.google.com/scholar?q=Fighting%20Cancer%20with%20Corroles,MBIS Lab Publications page
pub-058,2017,4,A Multimodal Biomicroscopic System based on High-frequency Acoustic Radiation Force Impulse and Multispectral Imaging Techniques for Tumor Characterization Ex vivo,"Jihun Kim, Jun-Young Kim, Anna Seo, Eunjoo Kim*, Jae Youn Hwang*, “A Multimodal Biomicroscopic System based on High-frequency Acoustic Radiation Force Impulse and Multispectral Imaging Techniques for Tumor Characterization Ex vivo”, Scientific Reports, 7:17518, 2017",https://scholar.google.com/scholar?q=A%20Multimodal%20Biomicroscopic%20System%20based%20on%20High-frequency%20Acoustic%20Radiation%20Force%20Impulse%20and%20Multispectral%20Imaging%20Techniques%20for%20Tumor%20Characterization%20Ex%20vivo,MBIS Lab Publications page
pub-059,2016,1,Cell Deformation by Single-beam Acoustic Trapping: A Promising Tool for Measurements of Cell Mechanics,"Jae Youn Hwang*, Jihun Kim, Jin Man Park, C. Lee, H. Jung, J. Lee*, Shung KK, “Cell Deformation by Single-beam Acoustic Trapping: A Promising Tool for Measurements of Cell Mechanics”, Scientific Reports, 2016",https://scholar.google.com/scholar?q=Cell%20Deformation%20by%20Single-beam%20Acoustic%20Trapping%3A%20A%20Promising%20Tool%20for%20Measurements%20of%20Cell%20Mechanics,MBIS Lab Publications page
pub-060,2016,2,Smartphone-based multispectral imaging: system development and potentials for mobile skin diagnosis,"Sewoong Kim, Dongrae Cho, Jihun Kim, Manjae Kim, Sangyeon Youn, Jae Eun Jang, Minkyu Je, Dong Hun Lee, Boreom Lee, Daniel L. Farkas, and Jae Youn Hwang*, “Smartphone-based multispectral imaging: system development and potentials for mobile skin diagnosis”, Biomedical Optics Express, 7(12): 5294-5307, 2016",https://scholar.google.com/scholar?q=Smartphone-based%20multispectral%20imaging%3A%20system%20development%20and%20potentials%20for%20mobile%20skin%20diagnosis,MBIS Lab Publications page
pub-061,2016,3,Direct and sustained intracellular delivery of exogenous molecules using acoustic-transfection with high frequency ultrasound,"Yoon S, Kim MG, Chiu CT, Jae Youn Hwang, Kim HH, Wang Y, Shung KK “Direct and sustained intracellular delivery of exogenous molecules using acoustic-transfection with high frequency ultrasound”, Scientific Reports, 2016",https://scholar.google.com/scholar?q=Direct%20and%20sustained%20intracellular%20delivery%20of%20exogenous%20molecules%20using%20acoustic-transfection%20with%20high%20frequency%20ultrasound,MBIS Lab Publications page
pub-062,2015,1,A corrole nanobiologic elicits tissue-activated MRI contrast enhancement and tumor-targeted toxicity,"Jessica D. Sims, Jae Youn Hwang, Shawn Wagner, Felix Alonso-Valenteen, Chris Hanson, Jan Michael Taguiam, Richard Polo, Ira Harutyunyan, Gevorg Karapetyan, Karn Sorasaenee, Ahmed Ibrahim, Eduardo Marban, Rex Moats, Harry B. Gray, Zeev Gross, Lali K. Medina-Kauwe, “A corrole nanobiologic elicits tissue-activated MRI contrast enhancement and tumor-targeted toxicity”, Journal of Controlled Release, 217:92-101, 2015",https://scholar.google.com/scholar?q=A%20corrole%20nanobiologic%20elicits%20tissue-activated%20MRI%20contrast%20enhancement%20and%20tumor-targeted%20toxicity,MBIS Lab Publications page
pub-063,2015,2,Acoustic tweezers for studying intracellular calcium signaling in SKBR-3 human breast cancer cells,"Jae Youn Hwang, Chi Woo Yoon, Hae Gyun Lim, Jin Man Park, Sangpil Yoon, Jungwoo Lee, and K. Kirk Shung “Acoustic tweezers for studying intracellular calcium signaling in SKBR-3 human breast cancer cells”, Ultrasonics, 63:94-101, 2015",https://scholar.google.com/scholar?q=Acoustic%20tweezers%20for%20studying%20intracellular%20calcium%20signaling%20in%20SKBR-3%20human%20breast%20cancer%20cells,MBIS Lab Publications page
pub-064,2015,3,Jitter reduction technique for acoustic radiation force impulse microscopy via photoacoustic detection,"Bong Jin Kang, Chang Hwan Yoon, Jin Man Park, Jae Youn Hwang*, and K. Kirk Shung “Jitter reduction technique for acoustic radiation force impulse microscopy via photoacoustic detection”, Optics Express, 20(15), 2015",https://scholar.google.com/scholar?q=Jitter%20reduction%20technique%20for%20acoustic%20radiation%20force%20impulse%20microscopy%20via%20photoacoustic%20detection,MBIS Lab Publications page
pub-065,2015,4,"Jae Youn Hwang, Dong Young Cheon, Hyunjune Shin, Hyun Bin Kim, and Jungwoo Lee, “Near-Field Acoustic Microbead","Jae Youn Hwang, Dong Young Cheon, Hyunjune Shin, Hyun Bin Kim, and Jungwoo Lee, “Near-Field Acoustic Microbead Trapping As Remote Anchor for Single Cell Manipulation“, Applied Physics Letters, 106, 183704, 2015",https://scholar.google.com/scholar?q=Jae%20Youn%20Hwang%2C%20Dong%20Young%20Cheon%2C%20Hyunjune%20Shin%2C%20Hyun%20Bin%20Kim%2C%20and%20Jungwoo%20Lee%2C%20%E2%80%9CNear-Field%20Acoustic%20Microbead,MBIS Lab Publications page
pub-066,2015,5,Non-contact acoustic radiation force impulse microscopy via photoacoustic detection for probing breast cancer cell mechanics,"Jae Youn Hwang, Bong Jin Kang, Changyang Lee, Hyung Ham Kim, Jinhyoung Park, Qifa Zhou, and K. Kirk Shung, “Non-contact acoustic radiation force impulse microscopy via photoacoustic detection for probing breast cancer cell mechanics”, Biomedical Optics Express, 6(1): 11-22, 2015",https://scholar.google.com/scholar?q=Non-contact%20acoustic%20radiation%20force%20impulse%20microscopy%20via%20photoacoustic%20detection%20for%20probing%20breast%20cancer%20cell%20mechanics,MBIS Lab Publications page
pub-067,2015,6,High frequency dual mode pulsed wave Doppler imaging for monitoring the functional regeneration of adult zebrafish hearts,"Bong Jin Kang, Jinhyoung Park, Jieun Kim, Hyung Ham Kim, Changyang Lee, Jae Youn Hwang, Ching-Ling Lien, and K. Kirk Shung, “High frequency dual mode pulsed wave Doppler imaging for monitoring the functional regeneration of adult zebrafish hearts” Journal of the Royal Society Interface, 12(103), 2015",https://scholar.google.com/scholar?q=High%20frequency%20dual%20mode%20pulsed%20wave%20Doppler%20imaging%20for%20monitoring%20the%20functional%20regeneration%20of%20adult%20zebrafish%20hearts,MBIS Lab Publications page
pub-068,2014,1,Non-contact high-frequency ultrasound microbeam stimulation for studying mechanotransduction in human umbilical vein endothelial cells,"Jae Youn Hwang*, Hae Gyun Lim, Chi Woo Yoon, Kwok Ho Lam, Sangpil Yoon, Changyang Lee, Chi Tat Chiu, BongJin Kang, Hyung Ham Kim, and K. Kirk Shung, “Non-contact high-frequency ultrasound microbeam stimulation for studying mechanotransduction in human umbilical vein endothelial cells”, Ultrasound in Medicine and Biology, 40(9): 2172-2182, 2014",https://scholar.google.com/scholar?q=Non-contact%20high-frequency%20ultrasound%20microbeam%20stimulation%20for%20studying%20mechanotransduction%20in%20human%20umbilical%20vein%20endothelial%20cells,MBIS Lab Publications page
pub-069,2014,2,Non-contact multi-particle annular patterning and Manipulation with ultrasound microbeam,"Changyang Lee, Jong Seob Jeong, Jae Youn Hwang, Jungwoo Lee, and K. Kirk Shung, “Non-contact multi-particle annular patterning and Manipulation with ultrasound microbeam”, Applied Physics Letters, 104, 24417, 2014",https://scholar.google.com/scholar?q=Non-contact%20multi-particle%20annular%20patterning%20and%20Manipulation%20with%20ultrasound%20microbeam,MBIS Lab Publications page
pub-070,2014,3,Cell Membrane Deformation Induced by Fibronectin-coated Polystyrene Microbead in 200 MHz Acoustic Trap,"Jae Youn Hwang, Changyang Lee, Kwok Ho Lam, Hyung Ham Kim, Jung Woo Lee, and K. Kirk Shung, “Cell Membrane Deformation Induced by Fibronectin-coated Polystyrene Microbead in 200 MHz Acoustic Trap”, IEEE Transactions on UFFC, 2014",https://scholar.google.com/scholar?q=Cell%20Membrane%20Deformation%20Induced%20by%20Fibronectin-coated%20Polystyrene%20Microbead%20in%20200%20MHz%20Acoustic%20Trap,MBIS Lab Publications page
pub-071,2014,4,Power MOSFET-Based Limiter for High Frequency Ultrasound Systems,"Hojong Choi, Min Gon Kim, Tommas Cummins, Jae Youn Hwang, and K. Kirk Shung, “Power MOSFET-Based Limiter for High Frequency Ultrasound Systems”, Ultrasonic Imaging, 36(4): 317-330, 2014",https://scholar.google.com/scholar?q=Power%20MOSFET-Based%20Limiter%20for%20High%20Frequency%20Ultrasound%20Systems,MBIS Lab Publications page
pub-072,Before 2014,1,In Vivo Calibration of The Subcutaneous Amperometric Glucose Sensors Using A Nonenzyme Electrode,"Ran-a Jeong, Jae Youn Hwang, Seyeong Joo, Sejin Park, Taek Dong Chung, Won-Yong Lee and Hee Chan Kim, “In Vivo Calibration of The Subcutaneous Amperometric Glucose Sensors Using A Nonenzyme Electrode”, Biosensors & Bioelectronics 19(4): 313-319, 2003",https://scholar.google.com/scholar?q=In%20Vivo%20Calibration%20of%20The%20Subcutaneous%20Amperometric%20Glucose%20Sensors%20Using%20A%20Nonenzyme%20Electrode,MBIS Lab Publications page
pub-073,Before 2014,2,A Novel Algorithm for Improving the Accuracy of Ultrasound Measurement of Residual Urine Volume According to Bladder Shape,"Jae Youn Hwang, Seung Jun Oh, Hee Chan Kim, “A Novel Algorithm for Improving the Accuracy of Ultrasound Measurement of Residual Urine Volume According to Bladder Shape”, Urology 64(5): 887-891, 2004",https://scholar.google.com/scholar?q=A%20Novel%20Algorithm%20for%20Improving%20the%20Accuracy%20of%20Ultrasound%20Measurement%20of%20Residual%20Urine%20Volume%20According%20to%20Bladder%20Shape,MBIS Lab Publications page
pub-074,Before 2014,3,Tumor Detection and Elimination by a Targeted Gallium Corrole,"Hasmik Agadjanian, Jun Ma, Altan Rentsendorj, Vinod Valluripalli, Jae Youn Hwang, Atif Mahammed, Anat Marom, Daniel Farkas, Harry Gray, Zeev Gross, and Lali K. Medina-Kauwe,“Tumor Detection and Elimination by a Targeted Gallium Corrole”, Proceedings of the National Academy of Sciences, 106(15): 6105-6110, 2009",https://scholar.google.com/scholar?q=Tumor%20Detection%20and%20Elimination%20by%20a%20Targeted%20Gallium%20Corrole,MBIS Lab Publications page
pub-075,Before 2014,4,Isolation of Tumour Stem-like Cells from Benign Tumours,"Xu Q, YuanX, Tunici P, Liu G, Fan X, Xu M, Hu J, Jae Youn Hwang, Farkas DL, Black KL, Yu JS. “Isolation of Tumour Stem-like Cells from Benign Tumours”, British Journal of Cancer, 101(2): 303-311, 2009",https://scholar.google.com/scholar?q=Isolation%20of%20Tumour%20Stem-like%20Cells%20from%20Benign%20Tumours,MBIS Lab Publications page
pub-076,Before 2014,5,A Mechanistic Study of Tumor-Targeted Corrole Cytotoxicity,"Jae Youn Hwang, Jay Lubow, David Chu, Jun Ma, Hasmik Agadjanian, Harry B. Gray, Zeev Gross, Daniel L. Farkas, and Lali K. Medina-Kauwe “A Mechanistic Study of Tumor-Targeted Corrole Cytotoxicity”, Molecular Pharmaceutics, 8(6): 2233–2243, 2011",https://scholar.google.com/scholar?q=A%20Mechanistic%20Study%20of%20Tumor-Targeted%20Corrole%20Cytotoxicity,MBIS Lab Publications page
pub-077,Before 2014,6,Ratiometric Spectral Imaging for Fast Tumor Detection and Chemotherapy Monitoring In Vivo,"Jae Youn Hwang, Lali K. Medina-Kauwe, Zeev Gross, Harry B Gray, and Daniel L. Farkas, “Ratiometric Spectral Imaging for Fast Tumor Detection and Chemotherapy Monitoring In Vivo”, Journal of Biomedical Optics, 16(6): 066007, 2011",https://scholar.google.com/scholar?q=Ratiometric%20Spectral%20Imaging%20for%20Fast%20Tumor%20Detection%20and%20Chemotherapy%20Monitoring%20In%20Vivo,MBIS Lab Publications page
pub-078,Before 2014,7,Multimodal Wide-field Two-photon Excitation Imaging: Characterization of the Technique for In Vivo Applications,"Jae Youn Hwang, Sebastian Wachsmann-Hogiu, V Krishnan Ramanujan, Andreas G. Nowatzyk, Yosef Koronyo, Lali K. Medina-Kauwe, Zeev Gross, Harry B Gray, and Daniel L. Farkas, “Multimodal Wide-field Two-photon Excitation Imaging: Characterization of the Technique for In Vivo Applications”, Biomedical Optics Express, 2(2): 356-364, 2011",https://scholar.google.com/scholar?q=Multimodal%20Wide-field%20Two-photon%20Excitation%20Imaging%3A%20Characterization%20of%20the%20Technique%20for%20In%20Vivo%20Applications,MBIS Lab Publications page
pub-079,Before 2014,8,Endothelial Cells in Co-culture Enhance Embryonic Stem Cell Differentiation to Pancreatic Progenitors and Insulin-producing Cells through BMP Signaling,"Dodanim Talavera-Adame, Gordon Wu, Yao He, Tina T. Ng, Ankur Gupta, Silvia Kurtovic, Jae Youn Hwang, Daniel L. Farkas, and Donald C. Dafoe, “Endothelial Cells in Co-culture Enhance Embryonic Stem Cell Differentiation to Pancreatic Progenitors and Insulin-producing Cells through BMP Signaling”, Stem Cell Reviews and Reports, 7(3): 532-543, 2011",https://scholar.google.com/scholar?q=Endothelial%20Cells%20in%20Co-culture%20Enhance%20Embryonic%20Stem%20Cell%20Differentiation%20to%20Pancreatic%20Progenitors%20and%20Insulin-producing%20Cells%20through%20BMP%20Signaling,MBIS Lab Publications page
pub-080,Before 2014,9,"A Multimode Optical Imaging System for Preclinical Applications In Vivo: Technology Development, Multiscale Imaging and Chemotherapy Assessment","Jae Youn Hwang, Sebastian Wachsmann-Hogiu, V Krishnan Ramanujan, Zeev Gross, Harry B Gray, Julia Ljubimova, Lali K. Medina-Kauwe and Daniel L. Farkas, “A Multimode Optical Imaging System for Preclinical Applications In Vivo: Technology Development, Multiscale Imaging and Chemotherapy Assessment”, Molecular Imaging and Biology, 14(4): 431-442, 2012",https://scholar.google.com/scholar?q=A%20Multimode%20Optical%20Imaging%20System%20for%20Preclinical%20Applications%20In%20Vivo%3A%20Technology%20Development%2C%20Multiscale%20Imaging%20and%20Chemotherapy%20Assessment,MBIS Lab Publications page
pub-081,Before 2014,10,Multimodality Imaging In Vivo for Preclinical Assessment of Tumor-targeted Doxorubicin Nanoparticles,"Jae Youn Hwang*, Jinhyung Park, Jay Lubow, David Chu, Bong Jin Kang, Daniel L. Farkas, K. Kirk Shung, and Lali K. Medina-Kauwe, “Multimodality Imaging In Vivo for Preclinical Assessment of Tumor-targeted Doxorubicin Nanoparticles”, PLOS ONE, e34463, 2012",https://scholar.google.com/scholar?q=Multimodality%20Imaging%20In%20Vivo%20for%20Preclinical%20Assessment%20of%20Tumor-targeted%20Doxorubicin%20Nanoparticles,MBIS Lab Publications page
pub-082,Before 2014,11,Fluorescence Response of Human HER2+ Cancer-and MCF-12 Normal Cells to 200 MHz Ultrasound Microbeam Stimulation: a Preliminary Study of Membranes Permeability Variation,"Jae Youn Hwang, Jungwoo Lee, Changyang Lee, Anette Jakob, Robert Lemor, Lali K. Medina-Kauwe, and K. Kirk Shung, “Fluorescence Response of Human HER2+ Cancer-and MCF-12 Normal Cells to 200 MHz Ultrasound Microbeam Stimulation: a Preliminary Study of Membranes Permeability Variation”, Ultrasonics, 52(7): 803-808, 2012",https://scholar.google.com/scholar?q=Fluorescence%20Response%20of%20Human%20HER2%2B%20Cancer-and%20MCF-12%20Normal%20Cells%20to%20200%20MHz%20Ultrasound%20Microbeam%20Stimulation%3A%20a%20Preliminary%20Study%20of%20Membranes%20Permeability%20Variation,MBIS Lab Publications page
pub-083,Before 2014,12,Investigating Photoexcitation-induced Mitochondrial Damage by Chemotherapeutic Corroles using Multimode Optical Imaging,"Jae Youn Hwang, Jay Lubow, David Chu, Harry B. Gray, Zeev Gross, Lali K. Medina-Kauwe, and Daniel L. Farkas, “Investigating Photoexcitation-induced Mitochondrial Damage by Chemotherapeutic Corroles using Multimode Optical Imaging”, Journal of Biomedical Optics, 17(1): 015003, 2012",https://scholar.google.com/scholar?q=Investigating%20Photoexcitation-induced%20Mitochondrial%20Damage%20by%20Chemotherapeutic%20Corroles%20using%20Multimode%20Optical%20Imaging,MBIS Lab Publications page
pub-084,Before 2014,13,Photoexcitation of Tumor-targeted Corrole Induces Singlet Oxygen-mediated Augmentation of Cytotoxicity,"Jae Youn Hwang, Jay Lubow, David Chu, Harry B. Gray, Zeev Gross, Daniel L. Farkas, and Lali K. Medina-Kauwe, “Photoexcitation of Tumor-targeted Corrole Induces Singlet Oxygen-mediated Augmentation of Cytotoxicity”, Journal of Controlled Release, 163(3): 368-373, 2012",https://scholar.google.com/scholar?q=Photoexcitation%20of%20Tumor-targeted%20Corrole%20Induces%20Singlet%20Oxygen-mediated%20Augmentation%20of%20Cytotoxicity,MBIS Lab Publications page
pub-085,Before 2014,14,Chemotherapy Targeting by DNA Capture in Viral Protein Particles,"Hasmik Agadjanian, David Chu, Jae Youn Hwang, Sebastian Wachsmann-Hogiu, Altan Rentsendorj, Lei Song, Vinod Valluripalli, Jay Lubow, Jun Ma, Behrooz Sharifi, Daniel L. Farkas, and Lali K. Medina-Kauwe “Chemotherapy Targeting by DNA Capture in Viral Protein Particles”, Nanomedicine, 7(3): 335-352, 2012",https://scholar.google.com/scholar?q=Chemotherapy%20Targeting%20by%20DNA%20Capture%20in%20Viral%20Protein%20Particles,MBIS Lab Publications page
pub-086,Before 2014,15,Single beam acoustic tweezers: A new tool for microparticle manipulation,"Ying Li, Jae Youn Hwang, Jung Woo Lee, and K. Kirk Shung, “Single beam acoustic tweezers: A new tool for microparticle manipulation”, Acoustic Today, 9(4): 10-13, 2013",https://scholar.google.com/scholar?q=Single%20beam%20acoustic%20tweezers%3A%20A%20new%20tool%20for%20microparticle%20manipulation,MBIS Lab Publications page
pub-087,Before 2014,16,Investigating Contactless High Frequency Ultrasound Microbeam Stimulation for Determination of Invasion Potential of Breast Cancer Cells,"Jae Youn Hwang, Nan Sook Lee, Changyang Lee, Kwok Ho Lam, Jonghye Woo, Ming-Yi Lin, Kassandra Kisler, Hyung Ham Kim, Qifa Zhou, Robert H. Chow, and K. Kirk Shung, “Investigating Contactless High Frequency Ultrasound Microbeam Stimulation for Determination of Invasion Potential of Breast Cancer Cells”, Biotechnology and Bioengineering, 110(10): 2697-2705, 2013",https://scholar.google.com/scholar?q=Investigating%20Contactless%20High%20Frequency%20Ultrasound%20Microbeam%20Stimulation%20for%20Determination%20of%20Invasion%20Potential%20of%20Breast%20Cancer%20Cells,MBIS Lab Publications page
